Customer_ID,Age,Gender,Annual_Income,Employment_Years,Monthly_Income,Existing_Loan,EMI,Credit_Card_Utilization,Missed_Payments,Savings,Loan_History,Credit_Score
C001,22,Female,1487720,24,123976,52765,10831,80,1,216849,Average,689
C002,39,Male,1064970,34,88747,471965,8992,22,4,1276546,Good,695
C003,35,Male,1798168,14,149847,403979,45921,84,2,566074,Average,653
C004,32,Female,429238,14,35769,336854,36430,16,4,1126794,Excellent,701
C005,30,Female,1315064,15,109588,811915,11384,79,5,1460876,Good,654
C006,50,Female,798544,8,66545,514324,28356,55,6,1198007,Good,615
C007,33,Female,1079859,4,89988,196533,19172,33,2,1178398,Average,644
C008,41,Female,872304,22,72692,794334,11655,13,3,322997,Excellent,729
C009,58,Female,1092456,22,91038,446182,25338,58,5,164336,Average,616
C010,28,Female,1617677,13,134806,739232,23504,11,5,216312,Good,638
C011,54,Female,577153,10,48096,286486,44414,18,4,1334079,Excellent,688
C012,35,Female,373042,13,31086,647686,16858,40,3,1050934,Average,652
C013,39,Male,1497705,6,124808,94672,31894,19,4,936665,Good,646
C014,33,Male,1411304,23,117608,102886,32555,11,8,660782,Good,612
C015,35,Female,672894,23,56074,1168674,18252,38,0,1062417,Poor,663
C016,58,Female,271285,6,22607,274462,16704,59,6,536204,Good,600
C017,49,Female,584169,15,48680,189035,43632,86,7,506571,Good,601
C018,36,Male,927575,35,77297,1118321,27835,75,4,1062174,Good,684
C019,47,Male,937390,3,78115,56419,9417,46,7,909842,Good,585
C020,36,Male,1333920,14,111160,580091,45414,91,5,656394,Good,635
C021,35,Male,1425490,16,118790,363365,11549,17,6,304632,Good,632
C022,39,Female,368373,11,30697,250056,37090,74,4,259430,Excellent,670
C023,49,Female,1333950,18,111162,892447,44752,83,7,1191210,Good,620
C024,42,Male,1251547,10,104295,69055,22449,67,7,15855,Good,582
C025,23,Male,1225229,16,102102,80455,8565,32,3,473729,Average,653
C026,50,Male,1452780,6,121065,121543,13074,41,5,1384528,Good,631
C027,35,Male,1373878,22,114489,597640,26365,5,1,908620,Good,745
C028,56,Male,1175420,0,97951,861485,31252,70,6,1421759,Good,588
C029,34,Male,356328,25,29694,307950,28676,36,0,1248899,Good,761
C030,35,Female,1636963,17,136413,670821,34616,9,3,364484,Good,687
C031,59,Male,837204,15,69767,859064,17532,28,0,600264,Good,741
C032,31,Female,1406096,10,117174,202207,9587,31,6,1051302,Excellent,658
C033,40,Female,319112,26,26592,573134,49668,13,8,887943,Good,613
C034,37,Female,256349,21,21362,217425,46577,25,4,1098836,Poor,586
C035,23,Male,389953,18,32496,228224,17096,30,7,1274214,Poor,532
C036,27,Male,1722573,19,143547,354251,5521,5,4,455321,Good,683
C037,56,Female,928335,1,77361,169462,8871,89,3,239275,Good,631
C038,34,Male,749812,2,62484,298104,7479,28,0,634755,Excellent,734
C039,59,Female,606285,18,50523,223927,7203,61,4,1111172,Good,684
C040,27,Female,1590143,29,132511,739508,278,79,7,1086822,Average,600
C041,46,Female,1020897,21,85074,1087680,24337,53,4,647229,Excellent,710
C042,30,Female,1134036,16,94503,430852,47161,29,2,62704,Good,691
C043,26,Female,711354,7,59279,642838,43193,45,0,635114,Average,675
C044,31,Male,1124516,24,93709,273475,34372,62,2,1132489,Good,721
C045,26,Female,1673767,16,139480,336409,42002,56,5,269450,Good,638
C046,28,Male,1368285,33,114023,388416,40074,47,3,1424966,Good,703
C047,46,Female,1482011,3,123500,1125472,29389,61,1,53536,Good,670
C048,43,Female,1252213,22,104351,371683,11542,20,7,233721,Good,624
C049,38,Female,1553503,0,129458,35422,44015,16,0,548175,Excellent,720
C050,47,Male,1396264,18,116355,745529,30620,42,3,242714,Good,683
C051,30,Female,528448,7,44037,1132114,20200,32,2,235571,Good,671
C052,35,Male,957973,19,79831,226217,12349,92,0,1360179,Average,719
C053,48,Male,918356,35,76529,319668,24205,25,1,511428,Poor,635
C054,42,Female,1524648,4,127054,1113107,29621,77,4,353285,Poor,523
C055,37,Female,255753,3,21312,780639,8629,52,0,795339,Poor,607
C056,32,Female,1473021,28,122751,967325,37260,13,5,916905,Average,635
C057,52,Female,1171166,10,97597,1019228,39803,81,0,496751,Good,712
C058,53,Female,1550708,14,129225,109268,8464,25,2,736126,Good,706
C059,58,Female,922054,21,76837,1092606,19004,35,7,616517,Poor,529
C060,42,Female,1341360,34,111780,721620,42571,65,1,159868,Poor,619
C061,51,Male,862389,5,71865,873917,37852,85,2,80176,Good,653
C062,50,Male,525088,15,43757,638110,11880,87,3,506866,Good,679
C063,47,Female,591010,23,49250,1049057,45826,27,4,185523,Good,669
C064,59,Male,1351829,27,112652,863726,8555,38,2,979448,Average,693
C065,29,Male,645597,0,53799,1081992,41596,59,3,48747,Average,586
C066,34,Female,668614,33,55717,68347,1699,95,0,696807,Good,752
C067,45,Female,546561,2,45546,14862,24320,8,4,941861,Good,637
C068,33,Male,1029896,15,85824,491705,24293,36,6,429308,Excellent,657
C069,38,Male,622936,33,51911,185236,18472,18,0,617217,Poor,657
C070,23,Female,1137003,8,94750,89901,1185,22,1,363844,Good,701
C071,45,Female,1504186,20,125348,535251,25666,39,2,632840,Poor,617
C072,21,Male,430580,0,35881,588693,9034,20,4,890342,Good,632
C073,29,Male,693497,16,57791,373770,34497,58,4,690753,Average,631
C074,41,Male,1766221,35,147185,557703,6500,16,3,606767,Good,705
C075,60,Female,467465,11,38955,1107651,19826,20,2,847896,Excellent,728
C076,53,Male,1295894,30,107991,180676,38156,57,7,1422564,Poor,530
C077,56,Male,517837,32,43153,740228,1043,76,3,505572,Good,697
C078,29,Male,768007,5,64000,527889,24058,39,0,916503,Good,715
C079,27,Male,1429388,33,119115,1101949,35792,33,6,1154068,Excellent,681
C080,49,Male,1303432,31,108619,812703,25824,47,7,545635,Good,624
C081,53,Female,1434616,34,119551,981723,46334,37,4,973063,Good,684
C082,57,Male,687772,11,57314,869692,31197,91,4,32372,Good,634
C083,29,Female,810832,34,67569,100056,31297,42,3,878875,Average,667
C084,28,Female,446461,17,37205,692658,12940,33,1,1208082,Average,702
C085,32,Male,982620,4,81885,1080078,33371,56,6,1279984,Average,566
C086,49,Female,580962,20,48413,677614,6447,66,7,315009,Good,621
C087,42,Female,597922,32,49826,175808,28127,18,5,177444,Excellent,686
C088,56,Male,1044394,2,87032,1134147,3400,33,4,849216,Poor,536
C089,23,Male,465694,35,38807,347255,694,86,0,1366497,Good,760
C090,22,Female,293337,31,24444,64050,28645,73,6,410211,Excellent,666
C091,58,Male,578538,33,48211,382557,20161,73,1,1187198,Average,704
C092,39,Female,535306,2,44608,296078,32898,5,2,201476,Poor,558
C093,59,Male,1258334,4,104861,574315,39943,88,5,418401,Good,602
C094,36,Male,1476916,16,123076,961864,1621,27,3,1023796,Good,701
C095,31,Female,399049,1,33254,717372,44356,63,3,1264404,Good,644
C096,24,Female,791264,31,65938,914516,3500,90,8,1268491,Excellent,645
C097,43,Male,1690110,4,140842,1144218,19471,26,7,1232770,Excellent,620
C098,35,Male,486374,15,40531,752576,16431,45,7,93980,Good,602
C099,22,Male,320148,11,26679,503927,22176,5,8,686382,Average,553
C100,53,Female,1477753,21,123146,577916,27635,43,4,100635,Poor,570
C101,21,Female,952931,28,79410,732898,44643,39,2,1464872,Poor,622
C102,29,Male,597380,29,49781,905862,21358,49,2,10272,Good,704
C103,54,Male,325968,13,27164,767681,36952,74,6,790199,Average,585
C104,48,Female,1282370,32,106864,548673,23939,39,1,486136,Excellent,763
C105,29,Male,492275,24,41022,672405,24581,82,2,1338950,Good,720
C106,58,Female,1638710,33,136559,520325,511,74,2,446683,Good,713
C107,43,Female,1331456,7,110954,309299,41929,45,2,503200,Good,672
C108,59,Female,1474344,13,122862,561913,12754,38,5,1217112,Good,653
C109,21,Male,707020,22,58918,240490,44103,75,5,885469,Average,625
C110,51,Female,1189189,30,99099,528547,49077,48,2,256323,Good,704
C111,54,Female,1749778,16,145814,506582,26753,8,8,709754,Good,602
C112,36,Male,886721,31,73893,426333,49240,18,3,1307738,Good,705
C113,25,Female,901943,12,75161,537617,23487,50,0,510222,Excellent,756
C114,53,Female,1241044,32,103420,1199527,5145,5,8,983063,Average,589
C115,45,Female,1615619,11,134634,998158,8254,81,1,924142,Good,712
C116,28,Male,306523,7,25543,62728,30439,49,2,738864,Good,677
C117,58,Male,1692883,21,141073,675064,14847,65,0,741783,Good,754
C118,22,Female,1665079,18,138756,230691,40927,21,7,272568,Average,578
C119,42,Female,1231748,18,102645,337160,29804,7,3,935180,Good,703
C120,30,Female,1627440,15,135620,631263,42920,11,1,610126,Good,720
C121,34,Male,1432679,27,119389,49799,24527,61,5,962779,Good,668
C122,27,Female,674417,35,56201,129970,34764,46,6,799610,Good,646
C123,37,Female,489715,5,40809,791417,37498,16,8,1238963,Poor,472
C124,47,Female,1657577,26,138131,973393,39685,70,2,1372179,Average,684
C125,22,Female,806082,35,67173,1014402,9162,59,2,350912,Excellent,743
C126,24,Female,345895,14,28824,804265,26164,94,7,53277,Good,591
C127,34,Female,731985,26,60998,1090056,43318,92,7,101500,Average,572
C128,26,Male,736091,17,61340,1090071,40530,89,3,1330113,Good,688
C129,36,Female,1178164,6,98180,93453,21780,48,7,150537,Average,540
C130,21,Female,1216238,0,101353,408257,24876,73,6,215853,Good,573
C131,35,Female,1788492,5,149041,582361,39248,69,0,795493,Excellent,735
C132,50,Male,813801,8,67816,200037,25638,41,2,1234224,Good,688
C133,24,Female,364645,33,30387,959474,41108,8,8,1384356,Excellent,647
C134,30,Female,1485557,29,123796,427079,28295,63,5,854739,Good,665
C135,32,Male,1530756,32,127563,289789,4286,41,2,1397914,Average,694
C136,27,Female,1635196,24,136266,336252,32291,44,1,1380917,Poor,641
C137,31,Male,645981,30,53831,205186,5410,88,8,697889,Average,572
C138,27,Female,1765341,5,147111,426184,30142,62,6,78017,Poor,485
C139,45,Female,820386,25,68365,1136486,48039,53,1,1319361,Good,737
C140,55,Female,1068689,17,89057,1093730,3827,17,3,464994,Good,694
C141,31,Female,703778,9,58648,211793,14344,56,5,217327,Excellent,652
C142,29,Male,1155618,31,96301,1158787,4419,78,8,1026556,Poor,517
C143,45,Female,651543,13,54295,936606,18178,19,3,1413893,Good,690
C144,56,Male,1080733,3,90061,587990,46405,37,8,1119861,Good,562
C145,44,Male,985717,9,82143,404955,11133,52,6,525491,Excellent,641
C146,25,Male,949170,22,79097,1184145,17739,58,6,1325027,Average,617
C147,53,Male,1146637,29,95553,1118435,2361,69,3,1399789,Good,708
C148,25,Male,726119,30,60509,706177,35386,72,0,144105,Good,736
C149,26,Male,1259063,3,104921,777106,32580,56,3,1138194,Average,617
C150,49,Female,978030,29,81502,1129941,4558,23,4,765666,Excellent,721
C151,22,Female,1506345,26,125528,242151,39054,89,4,969499,Average,644
C152,29,Female,1201095,16,100091,935250,21444,16,0,9688,Average,697
C153,30,Female,1408935,3,117411,123494,25534,39,0,769029,Good,705
C154,54,Male,1503786,30,125315,853384,35562,48,3,294407,Excellent,718
C155,57,Female,1429615,34,119134,555285,31156,18,2,1224390,Average,691
C156,38,Male,1385615,25,115467,705703,24184,65,7,130407,Excellent,644
C157,30,Female,332620,30,27718,745048,21188,84,8,161349,Excellent,625
C158,37,Female,1542291,11,128524,171250,14273,50,6,597169,Average,583
C159,35,Female,379656,9,31638,971435,45591,83,2,1107034,Average,647
C160,29,Female,1020076,31,85006,852097,38276,72,3,1472077,Good,700
C161,50,Female,700994,24,58416,585842,13826,77,8,888403,Excellent,642
C162,47,Male,1736162,21,144680,1051874,29489,28,1,962753,Good,743
C163,42,Female,1638866,25,136572,26979,346,95,2,298876,Good,708
C164,36,Male,525297,34,43774,416287,40946,38,8,1472393,Average,579
C165,30,Female,275271,11,22939,791093,5714,49,4,1245571,Good,664
C166,49,Male,1750168,25,145847,1023346,4658,72,8,1207411,Good,617
C167,34,Female,879900,24,73325,916649,20877,64,2,612733,Good,714
C168,22,Female,1098894,31,91574,597421,8147,9,4,1262694,Average,661
C169,36,Female,1097396,35,91449,654885,47259,9,3,186756,Average,654
C170,60,Female,928348,20,77362,702993,14966,53,3,881967,Good,705
C171,43,Female,260068,30,21672,1007307,25162,80,1,139423,Excellent,749
C172,46,Male,1645369,3,137114,736910,14962,32,4,920057,Good,639
C173,23,Male,419747,28,34978,626056,41654,48,3,829459,Excellent,728
C174,42,Female,1438429,12,119869,538517,35915,23,3,511711,Excellent,703
C175,31,Female,1209159,25,100763,960859,30540,33,6,401711,Excellent,670
C176,57,Female,1172034,16,97669,702195,2604,50,6,55102,Good,625
C177,31,Female,513311,25,42775,1086113,18338,31,7,682304,Poor,531
C178,22,Female,1170051,22,97504,518344,48282,6,7,1442517,Poor,535
C179,25,Female,1213899,12,101158,447316,2984,27,4,1009920,Average,636
C180,32,Female,1506327,24,125527,411275,12456,59,2,341252,Good,711
C181,47,Female,678491,25,56540,862396,38696,35,4,715832,Excellent,711
C182,48,Male,1443175,23,120264,893486,15068,5,8,1010841,Average,588
C183,51,Male,264550,11,22045,728066,43647,94,4,519722,Good,642
C184,41,Male,752563,32,62713,1024075,34811,19,7,564512,Good,627
C185,39,Female,274657,10,22888,245658,26086,35,6,1419207,Excellent,653
C186,33,Female,1156200,35,96350,829278,45757,38,7,618462,Good,623
C187,40,Male,754071,28,62839,365521,9916,95,6,1273614,Excellent,680
C188,41,Female,1434313,32,119526,271970,33589,76,0,24099,Excellent,765
C189,49,Female,1248955,2,104079,1193720,11435,7,4,626172,Good,634
C190,22,Female,460298,10,38358,1165120,22293,79,0,1128129,Excellent,757
C191,37,Female,1237665,31,103138,885059,27792,27,4,1294710,Average,655
C192,47,Male,1168169,23,97347,752384,30572,34,4,555606,Average,644
C193,25,Female,428044,2,35670,907451,25134,22,8,1413312,Good,565
C194,50,Female,1760823,6,146735,717392,42199,74,3,586817,Good,648
C195,48,Female,581637,29,48469,300918,48540,80,2,337172,Poor,601
C196,33,Female,1276558,10,106379,51242,16688,23,6,1319009,Excellent,657
C197,31,Female,1213581,29,101131,1128367,28533,59,1,907465,Good,738
C198,38,Female,1508852,17,125737,639646,20112,10,5,417897,Excellent,684
C199,50,Male,1565307,15,130442,1104794,49605,27,2,1017086,Average,672
C200,45,Female,1691669,21,140972,500558,36242,65,3,1373801,Good,701
C201,43,Male,862591,28,71882,1101463,44338,24,8,729927,Average,574
C202,46,Female,1581030,22,131752,619262,29909,36,4,629836,Good,681
C203,32,Male,1654903,10,137908,478224,7990,28,1,593932,Good,709
C204,48,Male,1406976,4,117248,511986,18378,72,5,20669,Average,565
C205,47,Male,1300010,19,108334,254142,18976,66,3,985601,Good,701
C206,59,Male,1622124,34,135177,44158,47959,52,7,902208,Poor,527
C207,28,Female,1120850,29,93404,434220,22063,27,4,356959,Poor,578
C208,56,Male,1413961,35,117830,750078,34822,35,3,1414946,Poor,606
C209,34,Male,1561701,14,130141,1107797,42879,83,5,512224,Good,634
C210,42,Male,1416958,16,118079,793811,46742,91,1,1049478,Excellent,750
C211,47,Female,1264421,6,105368,496909,20863,65,5,1046499,Good,626
C212,41,Female,466054,20,38837,981038,13781,20,5,1225009,Average,641
C213,38,Female,521697,10,43474,1164404,30080,10,3,762850,Good,674
C214,33,Female,1654800,31,137900,616129,35219,94,6,942785,Average,607
C215,56,Male,450247,14,37520,51337,26019,30,2,787511,Excellent,733
C216,41,Male,357253,22,29771,628383,33273,52,4,134162,Good,668
C217,50,Male,514134,25,42844,301343,6807,77,2,1077455,Good,724
C218,39,Male,1355881,12,112990,651893,24927,26,7,240563,Good,597
C219,23,Female,764384,21,63698,368890,24480,10,6,472320,Excellent,676
C220,59,Male,635162,5,52930,374008,23372,47,1,913422,Poor,596
C221,32,Male,1733384,3,144448,624322,38324,5,0,1301436,Good,712
C222,38,Female,700413,17,58367,73855,41363,14,0,1229551,Poor,652
C223,29,Female,1155274,3,96272,769511,25124,48,3,803291,Average,615
C224,38,Male,1709423,23,142451,170520,25102,44,0,886533,Average,722
C225,43,Female,1307370,29,108947,1108374,39481,38,5,576879,Average,625
C226,31,Male,623386,33,51948,883140,44269,75,0,1165735,Average,718
C227,34,Female,1637734,7,136477,738300,25625,11,5,727722,Good,629
C228,57,Female,1063054,25,88587,460961,10214,56,3,229366,Excellent,721
C229,37,Female,795429,14,66285,74269,26486,28,4,603249,Average,629
C230,39,Male,1486169,26,123847,187805,14326,12,2,1121038,Poor,631
C231,23,Male,1400640,29,116720,1000497,29472,51,3,1050810,Good,705
C232,47,Male,758883,17,63240,291921,29452,82,3,239485,Excellent,706
C233,46,Female,960300,18,80025,937525,36615,76,7,936886,Good,620
C234,24,Female,554021,30,46168,735693,1075,31,0,569289,Excellent,788
C235,21,Male,1744596,13,145383,464836,10044,5,8,606059,Good,595
C236,47,Female,638321,11,53193,824836,11535,73,0,1130764,Good,732
C237,40,Female,271397,3,22616,969214,22808,68,7,1233464,Good,581
C238,32,Male,540433,14,45036,566034,11952,53,2,1410052,Excellent,738
C239,22,Male,1380648,24,115054,748586,21875,40,7,730122,Good,629
C240,49,Female,752328,32,62694,622386,47692,75,8,748140,Excellent,632
C241,58,Female,831299,23,69274,886171,11618,82,3,1002785,Good,704
C242,34,Female,1180225,7,98352,551512,22175,55,1,279500,Good,688
C243,55,Male,1623512,20,135292,1156804,46750,43,6,770546,Good,643
C244,34,Male,653509,0,54459,818038,44725,59,6,592178,Excellent,608
C245,55,Female,1122711,24,93559,697920,45604,11,2,245427,Excellent,738
C246,59,Female,897593,1,74799,1044803,11255,65,5,548082,Good,603
C247,58,Female,1198692,10,99891,1112528,5640,24,3,274374,Excellent,697
C248,53,Male,1319590,23,109965,77586,30474,31,8,1180581,Excellent,647
C249,54,Female,1627075,24,135589,747390,41165,19,5,913920,Excellent,698
C250,60,Male,1453931,4,121160,729867,33473,51,6,84185,Excellent,613
C251,31,Female,366806,13,30567,274171,41520,10,0,289548,Good,725
C252,49,Female,316134,6,26344,418545,16679,82,8,331086,Poor,457
C253,43,Male,612502,16,51041,145755,15231,62,2,1121198,Good,712
C254,47,Female,287712,33,23976,936429,34344,63,7,120886,Good,613
C255,56,Female,1601435,19,133452,547511,17371,55,3,1395885,Excellent,734
C256,37,Female,1704435,31,142036,389013,1718,94,5,1229453,Average,634
C257,41,Male,534462,0,44538,10961,7138,72,7,349598,Good,560
C258,58,Male,1511104,27,125925,1023504,48146,70,5,545384,Good,653
C259,23,Male,1760337,20,146694,216408,16241,8,2,1452453,Average,695
C260,52,Male,977975,0,81497,263988,32558,54,5,681554,Good,601
C261,32,Female,1106423,13,92201,536929,41454,39,8,235882,Good,577
C262,21,Male,1638957,6,136579,999696,2473,94,0,554525,Good,708
C263,43,Male,596387,13,49698,776848,19176,52,6,1222195,Good,632
C264,59,Male,700057,6,58338,1012399,26806,42,8,651713,Good,567
C265,31,Male,299844,21,24987,957232,31815,10,1,501425,Excellent,765
C266,37,Female,282287,27,23523,775609,16975,14,3,666289,Good,705
C267,47,Female,564161,30,47013,951751,6338,48,2,1463239,Excellent,757
C268,60,Female,1719053,17,143254,801055,16408,41,4,521245,Excellent,701
C269,28,Female,839280,31,69940,557144,39036,43,3,795355,Good,699
C270,34,Male,764881,2,63740,710305,37235,84,7,1410572,Average,538
C271,32,Female,1429058,4,119088,7520,21130,70,2,1357438,Good,674
C272,26,Female,1440519,26,120043,488872,14302,23,1,1029015,Average,713
C273,40,Male,474627,10,39552,773212,15127,82,2,444169,Average,644
C274,26,Male,900006,10,75000,1062191,43768,44,3,1414322,Good,673
C275,57,Female,600447,5,50037,937350,28206,7,4,1444855,Good,648
C276,46,Male,1297600,18,108133,865134,5721,90,8,679953,Average,566
C277,51,Male,1143269,22,95272,179903,41657,59,8,316445,Good,597
C278,34,Male,528397,32,44033,430503,23959,93,1,381907,Good,724
C279,47,Male,339493,6,28291,971111,48388,15,8,1427676,Good,574
C280,50,Male,1788978,2,149081,1143006,31573,40,3,509142,Average,606
C281,40,Male,1766842,31,147236,236614,44778,56,6,782787,Good,642
C282,29,Female,267898,20,22324,570371,32799,87,5,320815,Excellent,680
C283,35,Female,513546,18,42795,1138774,21589,56,7,757129,Poor,522
C284,53,Male,1238379,21,103198,949259,44516,40,4,941787,Average,648
C285,41,Male,1425773,23,118814,323265,41762,14,6,344333,Good,639
C286,25,Female,311434,16,25952,434491,2484,22,5,965225,Good,665
C287,47,Female,1301509,7,108459,685698,42256,31,4,73963,Excellent,659
C288,27,Male,671427,4,55952,207485,40573,46,3,718250,Excellent,679
C289,51,Female,1366009,16,113834,21658,6835,28,3,1448268,Good,700
C290,34,Female,676479,34,56373,59403,6521,44,8,893312,Good,617
C291,42,Male,297033,33,24752,933160,33277,30,8,1296867,Excellent,647
C292,22,Female,533306,4,44442,626784,7416,90,1,258018,Good,677
C293,37,Male,1116477,2,93039,906015,31177,83,1,38846,Average,627
C294,37,Female,925815,29,77151,550227,46376,46,6,563209,Poor,539
C295,25,Male,979671,17,81639,794918,22369,36,7,100962,Excellent,639
C296,38,Female,1711165,9,142597,1114349,31273,69,2,642252,Good,679
C297,53,Female,1744997,18,145416,298084,26274,69,4,1264153,Average,644
C298,58,Female,1495258,6,124604,664859,3684,33,0,1389761,Poor,624
C299,44,Male,951449,3,79287,773786,23757,35,0,300582,Average,662
C300,26,Female,363045,0,30253,382322,1864,59,4,1451886,Good,631
C301,24,Male,1067422,12,88951,1084904,40199,57,5,577554,Good,632
C302,60,Female,1389859,10,115821,1182529,33588,38,0,111574,Poor,612
C303,22,Female,1103572,4,91964,546779,37125,51,1,1073803,Good,691
C304,40,Female,721928,14,60160,388896,32330,78,5,286869,Excellent,662
C305,24,Male,1772162,5,147680,77077,16806,77,8,1455155,Excellent,599
C306,42,Male,1049186,8,87432,689828,48077,45,0,1459781,Good,720
C307,29,Male,282078,27,23506,209219,17971,55,3,185200,Average,655
C308,23,Female,1443210,4,120267,98474,14149,5,6,1000892,Excellent,642
C309,44,Male,830190,0,69182,552827,47299,74,5,373532,Poor,489
C310,33,Female,1608938,12,134078,943163,12398,84,4,362589,Excellent,679
C311,22,Female,817848,6,68154,1046979,23877,64,3,677727,Good,655
C312,28,Male,431404,27,35950,861718,11631,62,0,753052,Good,756
C313,21,Male,946255,29,78854,1135901,8948,78,6,1315776,Good,652
C314,37,Female,1570331,21,130860,1020395,6634,29,2,1348602,Good,730
C315,36,Male,1733059,30,144421,220050,46604,91,2,945516,Good,712
C316,47,Male,1290756,2,107563,227215,9122,46,1,315077,Excellent,708
C317,24,Male,676263,3,56355,354982,47793,23,5,351206,Good,605
C318,40,Female,775684,25,64640,635890,2103,77,2,278405,Excellent,740
C319,53,Male,967244,6,80603,171154,22694,82,5,671689,Excellent,647
C320,52,Male,330377,16,27531,179083,7559,58,8,656970,Excellent,629
C321,37,Male,597050,31,49754,217655,28224,67,4,177397,Good,668
C322,34,Female,351600,10,29300,1022445,45531,69,0,280716,Excellent,738
C323,38,Female,767609,7,63967,649904,43783,23,2,1113627,Good,685
C324,39,Female,1058437,13,88203,794403,44296,42,4,120160,Good,646
C325,54,Male,656433,33,54702,799963,44909,56,4,44064,Average,628
C326,55,Female,1352858,23,112738,81143,17396,18,5,203265,Average,624
C327,55,Female,1781006,2,148417,1057790,7016,22,5,182426,Excellent,636
C328,47,Female,1586902,12,132241,984568,42976,93,1,647655,Good,701
C329,45,Male,1359269,13,113272,917727,2159,95,1,1011082,Poor,620
C330,55,Male,754540,27,62878,768049,12686,53,3,1046808,Excellent,738
C331,55,Male,1703161,26,141930,800064,4035,48,0,661421,Good,757
C332,32,Female,984305,24,82025,786416,30555,47,8,17059,Good,595
C333,51,Male,488116,14,40676,607845,26978,83,0,301694,Excellent,753
C334,38,Female,1214082,1,101173,1083249,4477,66,4,63355,Excellent,644
C335,37,Male,1570675,12,130889,510261,5581,14,7,213728,Average,567
C336,51,Male,1148385,3,95698,572206,46441,95,5,1241445,Good,609
C337,38,Male,1586673,16,132222,454007,38254,76,4,703753,Average,629
C338,33,Female,1360604,16,113383,119207,16699,86,8,1183021,Good,601
C339,60,Male,396726,22,33060,254140,48554,63,1,1463845,Good,736
C340,25,Female,709824,9,59152,557751,7928,61,3,717114,Good,669
C341,36,Female,755698,4,62974,736056,47026,76,1,374093,Excellent,703
C342,57,Female,1362914,32,113576,1127151,5643,31,0,1318447,Poor,666
C343,60,Female,568775,28,47397,1080922,16339,59,6,916082,Good,650
C344,26,Female,913448,34,76120,210346,33869,21,3,597435,Average,664
C345,38,Female,1017688,6,84807,225311,9929,61,1,229182,Good,686
C346,48,Female,929397,31,77449,1137835,22579,64,1,311323,Average,691
C347,35,Female,732029,21,61002,1195525,19020,55,8,289050,Good,602
C348,23,Female,607761,17,50646,1011932,46469,8,5,1175033,Good,661
C349,37,Male,1257573,25,104797,429746,16208,31,4,1181305,Average,657
C350,28,Male,601710,2,50142,1091826,8847,94,7,153334,Poor,461
C351,21,Male,333152,12,27762,61944,21072,48,5,669911,Poor,539
C352,58,Female,1432040,29,119336,833997,11476,87,4,891332,Average,648
C353,27,Male,665223,31,55435,890813,35483,5,8,58803,Average,565
C354,56,Female,1431359,9,119279,108907,20611,68,7,1020320,Average,564
C355,46,Female,934549,34,77879,459660,37597,50,2,936131,Good,719
C356,42,Male,622147,14,51845,216682,16334,54,6,581409,Good,626
C357,36,Male,274702,35,22891,848984,1751,15,2,1171500,Excellent,763
C358,42,Female,582499,15,48541,208424,49134,10,5,1290316,Good,655
C359,28,Male,1351572,7,112631,278044,43962,80,6,710309,Good,599
C360,56,Male,342390,4,28532,323916,39421,26,0,1010507,Good,712
C361,41,Female,676936,28,56411,448484,13196,51,3,112764,Average,655
C362,46,Female,1663800,30,138650,1039985,32183,95,1,586801,Average,691
C363,29,Female,542871,31,45239,332652,37988,82,8,1321224,Average,574
C364,27,Male,649557,9,54129,1188319,16918,68,8,132995,Good,564
C365,58,Male,1273739,23,106144,132465,17767,37,8,1052458,Average,584
C366,23,Female,1792409,30,149367,945510,20069,81,6,1061750,Average,613
C367,44,Female,396566,21,33047,975208,7527,93,2,1255810,Good,722
C368,54,Male,1727102,13,143925,1177777,48610,77,7,1361259,Poor,505
C369,49,Male,1736030,26,144669,742208,45645,93,2,48490,Good,694
C370,37,Male,791680,12,65973,918913,11492,63,8,410637,Good,581
C371,52,Female,1443853,0,120321,467762,5367,45,6,937766,Average,559
C372,34,Male,871144,9,72595,1112241,39778,51,5,1319264,Excellent,664
C373,40,Male,280660,18,23388,756894,48964,5,3,293232,Poor,586
C374,39,Male,872065,26,72672,405905,47204,13,5,537363,Good,660
C375,43,Female,1090460,23,90871,220037,48111,30,6,184751,Good,633
C376,34,Female,524152,18,43679,1169082,13114,90,0,172222,Good,734
C377,38,Male,792724,7,66060,727843,3147,29,5,157064,Good,621
C378,44,Female,1163383,29,96948,942545,6934,42,7,1347738,Excellent,668
C379,34,Female,1208688,32,100724,492883,49926,87,2,1454693,Excellent,745
C380,33,Male,389511,21,32459,127531,9644,9,7,1383867,Good,642
C381,36,Female,1452689,19,121057,593919,47854,69,8,866746,Excellent,633
C382,30,Female,1275745,24,106312,546064,22573,17,4,498914,Average,646
C383,50,Female,1064467,15,88705,661562,43692,39,5,564378,Poor,544
C384,59,Female,931815,32,77651,1009175,43924,41,8,1137985,Average,578
C385,60,Female,606741,10,50561,74064,34333,39,7,48258,Average,549
C386,26,Male,1094624,34,91218,495115,2262,48,2,771810,Average,688
C387,54,Female,1084706,10,90392,162804,17079,88,8,67512,Average,528
C388,35,Female,1035832,22,86319,631537,19345,83,8,15314,Good,593
C389,58,Male,1019099,18,84924,1124547,40982,53,7,1330072,Good,624
C390,27,Male,1764165,0,147013,7173,30049,78,2,443476,Good,647
C391,27,Male,1556105,0,129675,362105,4449,38,6,1351546,Good,598
C392,37,Female,1563566,18,130297,1169240,20622,15,2,269685,Poor,608
C393,40,Female,624071,26,52005,939699,3039,63,7,1357335,Good,637
C394,36,Female,609470,9,50789,7021,20205,74,0,556994,Excellent,745
C395,42,Male,1380332,6,115027,1170458,31767,28,7,1033931,Good,593
C396,29,Female,631878,0,52656,978820,32493,54,7,1492381,Average,537
C397,27,Male,1480582,22,123381,68863,38887,18,5,1135122,Excellent,701
C398,50,Male,967562,8,80630,137462,5447,54,5,1396334,Good,637
C399,53,Female,370963,35,30913,683003,11387,79,4,536927,Good,677
C400,54,Female,868057,13,72338,720767,45096,5,6,1469998,Excellent,662
C401,43,Female,1030028,31,85835,2046,34685,71,3,943918,Good,700
C402,52,Male,1271739,1,105978,887348,19663,62,7,1042977,Average,542
C403,59,Female,1004324,31,83693,1077894,16947,38,3,1347061,Excellent,739
C404,50,Male,956717,3,79726,217018,32366,87,4,442872,Average,584
C405,47,Male,287336,34,23944,168328,35551,79,4,233895,Excellent,696
C406,39,Male,967614,4,80634,323239,16482,70,2,369086,Excellent,692
C407,24,Male,1135050,4,94587,690633,38916,83,8,492451,Good,550
C408,52,Male,647189,3,53932,827300,1106,79,6,1107654,Good,602
C409,22,Female,1654039,35,137836,189606,27538,62,5,136483,Excellent,680
C410,57,Male,1054842,26,87903,85407,33322,64,0,243757,Poor,640
C411,25,Male,755188,32,62932,1031511,33384,34,6,1005048,Poor,552
C412,29,Female,554301,34,46191,706741,43253,34,8,1050668,Good,614
C413,55,Male,1508704,11,125725,256858,28384,70,6,762011,Poor,517
C414,57,Female,779152,7,64929,40515,8046,15,8,495693,Excellent,604
C415,26,Female,779303,1,64941,1035278,39708,86,8,1423475,Excellent,582
C416,23,Female,542899,29,45241,341010,35476,75,8,467804,Good,599
C417,23,Female,983218,18,81934,1045129,2041,32,2,1036572,Poor,624
C418,56,Male,824171,20,68680,890759,1637,78,0,937656,Good,759
C419,29,Female,1125630,7,93802,449328,12931,18,0,362873,Poor,614
C420,39,Female,1123629,19,93635,204069,7167,36,1,797388,Poor,639
C421,44,Male,640558,33,53379,946557,20979,31,5,1191187,Good,673
C422,54,Male,1507497,1,125624,1012048,38418,95,1,886792,Good,674
C423,58,Male,1447246,9,120603,515366,491,18,7,535775,Good,599
C424,26,Female,455944,35,37995,1168499,41524,80,6,297585,Good,629
C425,25,Female,575134,34,47927,166666,42558,80,5,426109,Poor,550
C426,54,Male,449318,34,37443,873588,11323,46,6,719871,Excellent,679
C427,30,Female,1739762,35,144980,1092406,42785,40,3,1436631,Excellent,733
C428,59,Female,1596505,1,133042,1149053,8714,83,0,1308364,Good,702
C429,54,Female,725190,35,60432,273575,3938,94,5,743898,Excellent,693
C430,37,Male,315781,31,26315,528969,8103,25,4,1073363,Average,659
C431,22,Female,1718889,1,143240,1001732,3412,85,7,789527,Average,537
C432,48,Female,561288,22,46774,1153820,29503,5,6,785532,Good,652
C433,51,Female,766055,1,63837,342246,11554,64,6,555867,Average,551
C434,23,Male,619171,5,51597,514765,8293,52,4,897523,Good,643
C435,24,Female,395660,35,32971,55570,44706,78,7,772063,Poor,522
C436,30,Male,1409102,14,117425,619075,40676,41,7,499019,Average,567
C437,30,Female,691646,13,57637,331443,47654,95,0,873751,Good,726
C438,29,Male,1646167,23,137180,1176046,40376,68,2,641400,Excellent,740
C439,40,Male,600789,15,50065,624983,16162,5,8,1222019,Average,573
C440,41,Female,748981,18,62415,645427,25778,23,6,795504,Average,609
C441,26,Male,400650,28,33387,585273,12913,15,2,1216192,Good,731
C442,30,Female,1505091,17,125424,329266,47106,60,1,297397,Excellent,742
C443,38,Female,932302,20,77691,86745,43797,80,6,781137,Good,639
C444,55,Male,1170344,6,97528,718340,38561,19,6,458326,Average,565
C445,21,Female,1605977,31,133831,18243,33291,20,4,990454,Excellent,719
C446,32,Male,596819,28,49734,186060,11133,38,5,634643,Good,666
C447,42,Male,937896,14,78158,498086,13965,42,3,48200,Excellent,701
C448,47,Male,907545,12,75628,189096,46875,82,0,1423175,Good,727
C449,27,Female,338477,10,28206,895086,41660,14,2,243158,Average,644
C450,55,Male,473875,21,39489,814819,23060,61,8,634366,Excellent,637
C451,38,Female,1207852,21,100654,695796,14446,15,0,110781,Good,749
C452,48,Female,1158282,33,96523,312488,1649,80,0,505196,Good,750
C453,26,Male,465811,5,38817,649161,7319,42,7,352947,Good,580
C454,49,Female,1751392,10,145949,200255,25409,43,1,595976,Poor,603
C455,48,Female,1506947,22,125578,994652,43074,53,8,1479002,Excellent,642
C456,29,Female,324014,22,27001,679169,34796,21,7,301525,Good,622
C457,23,Female,292607,29,24383,384073,38092,86,4,897769,Good,678
C458,35,Female,297992,22,24832,345723,48708,47,7,1229302,Excellent,660
C459,30,Male,1777882,33,148156,866863,25289,56,0,288908,Poor,643
C460,51,Female,1599603,13,133300,1176058,24492,90,7,240369,Good,592
C461,55,Female,323881,16,26990,572245,18676,26,1,1352805,Good,734
C462,50,Female,719518,9,59959,738521,26298,47,2,1012554,Average,656
C463,25,Male,472689,33,39390,469783,23299,91,0,593088,Good,746
C464,52,Male,965186,19,80432,224355,32677,16,6,890756,Average,613
C465,58,Female,1749825,9,145818,704317,4812,92,0,1126983,Good,726
C466,30,Female,1376845,16,114737,466713,40894,88,4,1149572,Excellent,697
C467,54,Male,1475576,33,122964,814827,4478,19,8,384620,Poor,511
C468,41,Male,1025744,6,85478,497375,31798,90,5,953135,Good,620
C469,25,Male,1367137,12,113928,505196,4539,63,2,1435839,Poor,603
C470,26,Male,341628,24,28469,142787,33488,16,8,591088,Excellent,639
C471,44,Female,1484696,21,123724,31627,23769,69,0,295346,Good,743
C472,56,Male,838293,9,69857,506287,4288,55,3,1377753,Excellent,707
C473,30,Female,515181,26,42931,783982,9521,31,5,626188,Excellent,698
C474,39,Male,1720251,9,143354,1177922,29036,18,0,360871,Good,717
C475,22,Male,1178685,15,98223,208412,16399,8,0,1212385,Poor,651
C476,35,Female,1456135,2,121344,647220,47256,12,5,563968,Good,607
C477,39,Male,1730577,30,144214,792206,17821,75,3,934283,Good,702
C478,24,Female,607021,2,50585,995277,44506,41,5,1248410,Good,613
C479,48,Female,1437798,26,119816,625861,12616,17,2,773762,Poor,625
C480,40,Male,1756315,27,146359,168242,12732,8,4,609697,Good,687
C481,28,Male,938161,8,78180,689987,46397,81,7,179146,Poor,472
C482,43,Male,330644,30,27553,105255,24815,56,3,155154,Poor,588
C483,36,Male,1107218,23,92268,776930,21906,85,4,1249958,Good,684
C484,56,Female,571986,29,47665,514787,45877,45,6,188115,Excellent,661
C485,41,Female,1418996,26,118249,993283,32335,94,1,534673,Average,690
C486,58,Male,530360,26,44196,16367,36024,51,0,681138,Good,750
C487,52,Male,1791252,15,149271,1072017,10204,57,6,828553,Good,634
C488,31,Male,1179081,4,98256,283390,38532,82,1,267251,Excellent,702
C489,31,Female,1237034,1,103086,305901,6856,74,2,466181,Average,621
C490,27,Male,1250864,3,104238,1060789,47925,23,7,1060854,Average,547
C491,45,Male,319972,18,26664,924628,41041,34,1,379058,Average,686
C492,37,Male,1665850,9,138820,10582,30808,43,7,372958,Average,552
C493,44,Male,1015198,10,84599,792815,35611,44,2,1452873,Excellent,722
C494,23,Male,1240104,6,103342,614756,24749,80,2,834906,Good,674
C495,42,Female,356216,27,29684,134374,39475,92,0,537865,Average,707
C496,22,Male,763406,16,63617,1020490,6232,23,6,402205,Excellent,665
C497,47,Male,426649,20,35554,948156,36064,20,0,559667,Poor,652
C498,47,Female,859922,13,71660,892459,30709,68,2,629309,Poor,591
C499,47,Female,1161625,23,96802,1140054,25359,30,2,858607,Excellent,753
C500,22,Male,1119752,32,93312,407710,48250,94,0,677439,Good,743
