Customer_ID,Age,Income,Savings,Credit_Score,Loan_Amount,Spending_Score,Customer_Segment
C001,30,1693670,535463,545,282677,73,Gold
C002,50,821957,720098,707,573822,84,Gold
C003,43,1442118,862614,686,1005175,34,Gold
C004,43,1775751,707780,415,437432,63,Gold
C005,56,961363,23665,775,662745,45,Gold
C006,48,1446810,1411445,817,830767,69,Platinum
C007,51,1452782,1431122,547,1131680,51,Gold
C008,34,1585832,65802,822,79547,81,Platinum
C009,43,1685981,1071497,853,238656,91,Platinum
C010,52,307564,439098,525,28877,97,Silver
C011,41,659195,62628,658,958739,87,Silver
C012,53,897591,370122,396,681649,82,Gold
C013,27,966708,304604,576,817425,22,Gold
C014,31,673973,926697,415,326609,25,Silver
C015,45,1329401,1336590,687,129172,27,Gold
C016,27,488924,177632,687,974115,100,Silver
C017,28,1259882,654477,369,267783,12,Gold
C018,51,770986,70357,385,118132,3,Gold
C019,53,1667386,1351249,679,525030,2,Gold
C020,56,324339,433419,754,221481,3,Silver
C021,36,1734808,1470273,816,139246,74,Platinum
C022,33,288491,1226318,424,1174701,87,Silver
C023,51,478512,1383337,473,428296,36,Silver
C024,45,1768667,733218,557,481278,24,Gold
C025,50,1683100,1300721,809,413557,12,Platinum
C026,34,1602012,541256,472,327154,12,Gold
C027,27,1312429,1359129,591,1154315,50,Gold
C028,28,463382,567491,474,785185,87,Silver
C029,55,1766990,555858,800,929096,67,Platinum
C030,24,1772682,758257,593,768632,83,Gold
C031,44,852406,673838,490,791836,81,Gold
C032,53,1305962,747892,701,127194,40,Gold
C033,41,1119388,776788,632,1185144,83,Gold
C034,30,1280469,1432884,407,415889,68,Gold
C035,38,832615,231770,687,1135161,46,Gold
C036,36,1573390,788305,645,402480,35,Gold
C037,22,1693653,727819,438,356883,61,Gold
C038,33,1518638,538740,460,512068,30,Gold
C039,25,339899,1406340,772,1026494,49,Silver
C040,44,1023279,1307064,642,816295,81,Gold
C041,34,905441,1300079,523,294145,37,Gold
C042,45,957778,323345,739,311876,43,Gold
C043,34,1356223,845694,449,390057,66,Gold
C044,40,537028,986908,819,810704,34,Silver
C045,26,638562,660695,460,281819,60,Silver
C046,45,1404290,209928,377,90581,55,Gold
C047,31,376305,1380483,367,859102,89,Silver
C048,59,1743050,1014947,726,683926,60,Gold
C049,49,1105991,482735,579,528839,94,Gold
C050,58,985031,1235415,382,477933,20,Gold
C051,28,1065449,335079,731,866719,20,Gold
C052,41,641293,540811,631,190678,42,Silver
C053,51,1296894,457754,542,951123,3,Gold
C054,21,668846,1217713,714,978057,88,Silver
C055,25,380011,584043,713,946610,17,Silver
C056,60,1275612,538900,789,48566,81,Platinum
C057,47,375510,630605,795,652062,82,Silver
C058,54,1455224,1161221,602,530473,79,Gold
C059,27,621756,1495700,431,410916,91,Silver
C060,30,1233547,171494,698,1192534,69,Gold
C061,41,605640,1266662,875,530895,85,Silver
C062,28,1613125,1042991,761,563580,37,Platinum
C063,47,1005907,867426,568,149878,44,Gold
C064,30,411239,379826,443,838090,54,Silver
C065,56,1119492,519756,611,53429,78,Gold
C066,53,1768438,347793,411,970103,82,Gold
C067,32,1569256,868302,423,930487,69,Gold
C068,29,1515146,814720,825,426133,47,Platinum
C069,56,428710,760143,665,963212,35,Silver
C070,53,847542,1209114,850,226936,64,Gold
C071,22,518950,214323,788,1140373,63,Silver
C072,56,446658,509757,375,781466,49,Silver
C073,60,323879,716231,802,330669,43,Silver
C074,32,607349,917730,638,940044,11,Silver
C075,48,338193,240998,546,365800,79,Silver
C076,58,1286636,1071127,625,62108,63,Gold
C077,46,784075,1190174,461,314896,44,Gold
C078,30,837141,498616,868,725823,61,Gold
C079,22,1601893,216647,807,353871,86,Platinum
C080,33,1209363,291594,658,1104175,74,Gold
C081,41,1156299,130194,362,551229,71,Gold
C082,44,1311482,1493009,664,397662,61,Gold
C083,55,1236861,1117882,817,779296,69,Platinum
C084,42,516215,729291,724,894848,28,Silver
C085,49,1522940,522904,446,272839,46,Gold
C086,21,746673,555852,544,1182931,47,Gold
C087,57,882098,528599,711,1111203,17,Gold
C088,35,463768,1299787,501,303168,34,Silver
C089,53,1354023,1267611,832,515356,24,Platinum
C090,45,727463,353286,448,528324,90,Gold
C091,50,922377,1166070,755,138109,94,Gold
C092,50,1346191,1289652,568,781346,18,Gold
C093,40,1720358,241379,585,982608,83,Gold
C094,59,1687902,887497,477,496222,90,Gold
C095,31,619675,792357,702,1113770,82,Silver
C096,46,955486,980203,822,497290,30,Gold
C097,44,1028558,859806,476,745196,49,Gold
C098,57,694986,199885,516,226963,100,Silver
C099,27,864324,1470505,790,697519,83,Gold
C100,47,391767,186272,612,1085848,70,Silver
C101,44,1568017,171131,484,310616,76,Gold
C102,48,679025,575245,377,833317,87,Silver
C103,50,1685671,1079392,361,100608,97,Gold
C104,53,805346,477028,855,604719,65,Gold
C105,60,1636406,1016376,405,507549,38,Gold
C106,36,1011660,267829,634,713631,27,Gold
C107,46,842861,1001801,892,304177,31,Gold
C108,49,1747631,397009,535,783453,97,Gold
C109,58,336899,1330427,500,103381,94,Silver
C110,56,1066493,1396900,505,769398,55,Gold
C111,55,766818,275895,806,611961,25,Gold
C112,44,383467,890716,832,1119231,41,Silver
C113,54,271003,1236326,798,1108188,61,Silver
C114,35,552469,729057,777,278826,80,Silver
C115,57,1644458,1121734,898,302539,86,Platinum
C116,45,682049,818468,828,739051,33,Silver
C117,42,1132261,458071,509,534212,15,Gold
C118,41,495272,1468626,406,599524,66,Silver
C119,24,378575,778463,372,309190,24,Silver
C120,21,702630,212950,737,949293,59,Gold
C121,46,813719,1124587,852,448942,9,Gold
C122,58,1112638,297732,382,1043884,41,Gold
C123,47,334906,1178834,354,998400,85,Silver
C124,53,779349,1093018,650,1138567,61,Gold
C125,33,293898,682919,605,1085453,3,Silver
C126,36,485297,1083772,822,628073,70,Silver
C127,26,1237485,1323321,793,346521,92,Platinum
C128,53,1536762,1294779,354,436938,30,Gold
C129,21,898142,31541,449,243075,77,Gold
C130,28,1207007,400892,515,144524,20,Gold
C131,56,857268,598353,738,611487,38,Gold
C132,24,478898,1302766,781,761684,20,Silver
C133,52,1360922,147250,700,1173277,67,Gold
C134,34,697793,686444,351,76156,76,Silver
C135,43,1619170,1353406,861,156858,75,Platinum
C136,32,694226,1146326,673,786447,59,Silver
C137,51,646817,621862,831,325672,3,Silver
C138,30,948831,1095132,826,1114390,76,Gold
C139,44,1558598,1406285,444,430596,55,Gold
C140,26,1328044,765484,455,651970,91,Gold
C141,55,1185926,1493305,650,838985,65,Gold
C142,46,1113529,223924,591,1032855,26,Gold
C143,60,697881,1012453,821,1061207,35,Silver
C144,45,1658747,969169,837,145902,100,Platinum
C145,22,1241743,12628,706,632295,43,Gold
C146,47,641867,464773,654,491310,4,Silver
C147,27,1792337,248865,649,958026,45,Gold
C148,54,1696028,567959,785,1117099,46,Platinum
C149,47,1447837,820002,420,216529,74,Gold
C150,21,1794497,575790,537,387369,64,Gold
C151,32,631730,979393,507,1029280,82,Silver
C152,40,1088049,1295208,360,238775,51,Gold
C153,24,1591081,1343638,432,501868,25,Gold
C154,55,1192460,97082,384,359625,41,Gold
C155,52,966460,529745,532,861562,66,Gold
C156,42,1208549,1489280,741,26749,25,Gold
C157,39,718283,835012,530,576835,20,Gold
C158,29,1633781,672467,730,672809,90,Gold
C159,25,1291810,865223,876,381470,8,Platinum
C160,59,1306185,590543,893,1152305,37,Platinum
C161,32,322452,903571,706,617711,62,Silver
C162,31,1753436,1326200,364,1034010,54,Gold
C163,30,602948,1407700,624,402263,36,Silver
C164,38,1603691,50805,865,356536,88,Platinum
C165,46,1480653,1026384,562,1058505,66,Gold
C166,27,838887,1415279,510,498042,97,Gold
C167,32,956326,1152694,751,352471,98,Gold
C168,45,1688155,1044041,397,524181,87,Gold
C169,32,1320730,805100,361,991060,40,Gold
C170,55,1275761,523881,803,123822,51,Platinum
C171,52,1096230,871745,866,1045277,61,Gold
C172,46,1652343,529548,563,406049,80,Gold
C173,30,947877,119262,516,80449,67,Gold
C174,36,926151,1491530,698,845839,8,Gold
C175,58,861427,704036,862,136999,95,Gold
C176,22,796927,1079910,707,328718,22,Gold
C177,55,1794776,140310,705,1056362,47,Gold
C178,41,1654106,947567,686,1174390,34,Gold
C179,21,1262207,1389609,442,880452,80,Gold
C180,30,555006,89285,365,499997,92,Silver
C181,44,484699,1207910,452,1057136,7,Silver
C182,33,365281,1294023,726,991205,59,Silver
C183,59,477170,379835,681,1026980,72,Silver
C184,53,1628009,1496007,810,1024080,22,Platinum
C185,38,1225199,1301617,514,738121,100,Gold
C186,29,346005,30624,797,1128899,45,Silver
C187,43,425862,1013998,551,412462,51,Silver
C188,52,326947,1348124,859,87588,73,Silver
C189,59,1589245,901095,867,866246,71,Platinum
C190,43,693196,94616,370,586616,13,Silver
C191,58,1719863,459383,699,952775,13,Gold
C192,41,480749,652972,866,773030,44,Silver
C193,30,1743183,1154910,401,1175926,15,Gold
C194,54,841552,568537,762,1133793,45,Gold
C195,57,952034,1202985,515,855261,4,Gold
C196,32,323661,552725,898,470457,89,Silver
C197,44,1345183,200962,674,741430,16,Gold
C198,36,1397908,509363,368,848918,46,Gold
C199,58,575682,1083022,882,64389,2,Silver
C200,47,565367,215722,886,366481,36,Silver
C201,32,401492,972817,456,604988,68,Silver
C202,32,1556295,829500,756,980174,72,Platinum
C203,30,320618,675250,406,403853,48,Silver
C204,26,1640213,408793,522,805192,35,Gold
C205,49,1662759,991945,860,957582,11,Platinum
C206,46,1579850,614296,816,79402,92,Platinum
C207,28,819847,183817,625,811094,28,Gold
C208,56,1646023,680512,381,929344,64,Gold
C209,44,1260740,303812,384,1171362,5,Gold
C210,27,743642,1181188,792,107430,93,Gold
C211,41,1279719,947051,416,276366,82,Gold
C212,60,547237,273287,674,777896,51,Silver
C213,48,928338,284411,883,22117,82,Gold
C214,54,818069,1087547,897,56682,37,Gold
C215,33,1653476,1339910,620,1143304,53,Gold
C216,60,1317990,888573,817,149827,35,Platinum
C217,58,1193739,952504,396,1004764,48,Gold
C218,43,596003,1455044,755,203154,42,Silver
C219,41,984467,1308097,726,411694,28,Gold
C220,50,967181,317220,476,617905,19,Gold
C221,53,1095798,449983,645,97940,27,Gold
C222,41,644145,1424241,507,393632,100,Silver
C223,45,786836,235929,599,1006851,92,Gold
C224,38,387362,1367813,793,66949,100,Silver
C225,47,1487270,688540,772,590126,91,Platinum
C226,38,311956,927766,758,521972,17,Silver
C227,44,890996,460810,751,1045986,54,Gold
C228,25,498176,1176116,835,806320,55,Silver
C229,36,1514001,990174,542,753637,18,Gold
C230,27,1609785,1243279,384,4620,95,Gold
C231,26,1066768,388559,838,356615,94,Gold
C232,27,1756612,38697,779,488750,13,Platinum
C233,34,1205479,1083272,517,208084,42,Gold
C234,43,1459598,33620,495,593737,20,Gold
C235,31,1223776,496638,546,1179569,76,Gold
C236,35,1103890,451356,547,716437,4,Gold
C237,26,731573,1280449,471,1094208,69,Gold
C238,42,1271955,1181914,880,687153,3,Platinum
C239,29,1295538,1119247,847,801974,42,Platinum
C240,42,809348,75285,881,427873,76,Gold
C241,48,752042,69659,516,142116,70,Gold
C242,49,1382671,560539,447,150506,82,Gold
C243,38,390748,242220,402,689013,28,Silver
C244,46,680679,639371,525,1082014,83,Silver
C245,53,1238860,58398,819,516117,33,Platinum
C246,29,896307,264760,856,590391,16,Gold
C247,49,467977,230248,872,603000,7,Silver
C248,49,1107445,615503,795,933842,35,Gold
C249,59,1040956,701162,595,438283,35,Gold
C250,26,546631,174050,602,763769,62,Silver
C251,31,1563176,1016168,358,202737,78,Gold
C252,55,1726344,1461136,393,914452,38,Gold
C253,23,1412666,546397,500,790906,8,Gold
C254,28,1299904,389723,622,1077285,43,Gold
C255,22,260751,225864,878,335846,59,Silver
C256,53,1144643,150670,773,590283,32,Gold
C257,55,1385648,953302,678,3345,88,Gold
C258,55,1486961,690042,703,53437,70,Gold
C259,32,793626,1318845,715,12612,16,Gold
C260,33,1647856,1228175,841,31158,46,Platinum
C261,60,1305426,263774,408,714233,90,Gold
C262,52,1449006,133469,778,515414,21,Platinum
C263,25,1386937,776745,891,357131,43,Platinum
C264,60,455447,1101000,885,89256,73,Silver
C265,53,492255,514784,590,485490,72,Silver
C266,58,1531756,616480,435,213867,37,Gold
C267,33,488695,1197037,458,360672,78,Silver
C268,43,1310698,1310446,504,671115,89,Gold
C269,47,1255480,681634,654,409461,76,Gold
C270,37,1593446,194599,839,875788,79,Platinum
C271,50,1768902,639222,701,1039374,4,Gold
C272,52,1458322,774519,591,145992,23,Gold
C273,54,279768,447433,477,868090,32,Silver
C274,48,1759316,882180,637,769350,80,Gold
C275,25,844301,856454,761,999299,65,Gold
C276,25,1523104,120054,854,799647,20,Platinum
C277,49,1466480,1213067,494,752162,32,Gold
C278,33,1392143,1147464,375,538221,42,Gold
C279,52,1137199,185445,574,220642,74,Gold
C280,40,534151,940296,654,1068431,10,Silver
C281,34,830129,353775,837,954752,14,Gold
C282,48,611159,60686,584,653699,46,Silver
C283,27,1427718,1259494,811,571507,20,Platinum
C284,44,948234,1041544,560,969291,78,Gold
C285,49,529401,1438472,384,680441,20,Silver
C286,50,1450083,1007755,552,1014489,53,Gold
C287,37,1269247,256155,854,1082331,77,Platinum
C288,34,1149907,1402858,802,305958,3,Gold
C289,54,636932,1322180,610,608464,37,Silver
C290,21,1462474,72119,455,684943,62,Gold
C291,44,1762525,1338341,701,553070,68,Gold
C292,29,877985,658642,682,159893,32,Gold
C293,42,889936,518980,649,17577,97,Gold
C294,45,725566,584526,430,879593,96,Gold
C295,21,847280,246569,668,404226,28,Gold
C296,53,732189,503090,363,202753,82,Gold
C297,23,1749645,1063475,489,69959,92,Gold
C298,22,889468,28925,520,1037982,25,Gold
C299,59,1742394,1253712,612,212437,83,Gold
C300,45,494283,864863,480,1084899,50,Silver
C301,43,1261345,190516,536,481046,20,Gold
C302,44,829507,1419172,812,467126,40,Gold
C303,36,538490,1318531,550,15781,59,Silver
C304,58,440504,1470241,694,702158,81,Silver
C305,25,1099512,413315,436,1000912,61,Gold
C306,52,773778,1338908,868,141217,35,Gold
C307,43,489966,989623,417,408091,26,Silver
C308,36,597052,1350967,729,871601,68,Silver
C309,28,956438,1202353,852,780769,14,Gold
C310,50,267513,288562,600,535490,7,Silver
C311,35,291495,254403,522,185403,35,Silver
C312,46,1030083,237361,423,28204,5,Gold
C313,42,981131,1278724,791,1109902,52,Gold
C314,49,934017,203640,785,730657,23,Gold
C315,21,1551754,1327680,395,61191,32,Gold
C316,50,703308,968223,423,30143,91,Gold
C317,40,1740340,1046744,407,563179,88,Gold
C318,33,804487,205779,631,276639,87,Gold
C319,60,526450,718251,680,65083,8,Silver
C320,24,754633,579795,727,854643,27,Gold
C321,44,1567627,228117,602,563306,97,Gold
C322,46,696229,1090719,732,450861,54,Silver
C323,38,1195734,1122657,823,737576,82,Gold
C324,56,328218,111389,749,2565,17,Silver
C325,38,1257756,1134998,545,212227,27,Gold
C326,39,661158,1141946,652,6435,59,Silver
C327,52,908426,1189991,506,651401,93,Gold
C328,49,1345141,1067487,804,168532,84,Platinum
C329,49,1114222,736810,486,403687,66,Gold
C330,30,350008,1109499,360,49926,46,Silver
C331,34,1580462,746746,690,300812,14,Gold
C332,31,465178,1024421,645,795342,53,Silver
C333,38,1229897,277366,604,874153,95,Gold
C334,55,602853,932539,428,1001279,80,Silver
C335,58,591007,116014,476,1163817,5,Silver
C336,53,1694450,1451650,567,223946,65,Gold
C337,32,1603552,797393,862,71683,42,Platinum
C338,41,321837,392898,631,46621,36,Silver
C339,50,1598654,704937,840,773720,78,Platinum
C340,54,1727121,250692,597,812354,81,Gold
C341,25,1170026,1025574,618,523325,15,Gold
C342,24,1424823,708938,606,466470,78,Gold
C343,45,389209,627022,753,849498,93,Silver
C344,58,930009,1299292,889,522841,68,Gold
C345,51,1764777,845396,888,285936,68,Platinum
C346,47,1281803,21446,705,887654,30,Gold
C347,55,862448,1386048,392,455982,70,Gold
C348,22,1552299,280013,557,238447,21,Gold
C349,26,314945,1199528,539,683654,77,Silver
C350,53,375176,1109015,680,191622,54,Silver
C351,31,291582,1251172,828,485056,45,Silver
C352,27,1536146,1301010,859,206008,89,Platinum
C353,29,1680144,974022,388,809747,29,Gold
C354,23,348640,1353226,701,291505,99,Silver
C355,46,679106,345782,476,1148814,50,Silver
C356,51,1467273,1326906,650,1172171,4,Gold
C357,39,1792871,594251,464,279102,29,Gold
C358,52,1647653,1344931,537,12214,56,Gold
C359,36,1464829,1352693,365,120782,69,Gold
C360,26,1034852,633330,639,713400,93,Gold
C361,56,796838,1018627,356,81516,26,Gold
C362,58,450678,1239193,661,116180,47,Silver
C363,59,971283,1302884,592,519674,26,Gold
C364,54,682488,268118,686,908840,40,Silver
C365,59,1531525,372194,712,525483,20,Gold
C366,37,1366922,923859,715,1083897,60,Gold
C367,33,591645,766225,732,559599,14,Silver
C368,47,802347,1215303,730,541261,99,Gold
C369,23,1548791,160230,779,1012499,7,Platinum
C370,28,842268,87663,578,593931,47,Gold
C371,25,1040759,12166,503,411807,51,Gold
C372,46,1767823,343877,546,1148147,95,Gold
C373,38,1789047,1249833,828,502203,1,Platinum
C374,53,1150755,931095,689,1033795,55,Gold
C375,54,295231,1355099,451,918563,28,Silver
C376,56,986401,1318109,410,464724,13,Gold
C377,43,841375,367576,488,847486,82,Gold
C378,48,1366584,407516,848,551805,12,Platinum
C379,43,1170600,659096,844,777626,19,Gold
C380,36,559551,147943,584,977939,22,Silver
C381,22,1055844,1472997,667,863771,43,Gold
C382,49,368274,403591,606,71928,6,Silver
C383,46,1511857,936572,737,1176505,19,Gold
C384,52,318519,759554,390,644058,73,Silver
C385,52,274970,510592,556,775697,25,Silver
C386,55,804673,954236,818,1169698,64,Gold
C387,37,469260,443007,388,444977,16,Silver
C388,59,1614336,1379049,893,1152594,99,Platinum
C389,56,282166,27235,839,753351,63,Silver
C390,46,1645195,474071,377,154981,49,Gold
C391,56,1493215,1352993,852,469371,73,Platinum
C392,30,1042184,1135304,372,788148,67,Gold
C393,57,1463535,1091558,432,134405,20,Gold
C394,43,1309599,313204,604,879633,25,Gold
C395,57,773406,1293386,451,711748,54,Gold
C396,30,1202928,159087,783,102843,55,Platinum
C397,38,1111825,741106,353,758685,22,Gold
C398,38,1455341,490290,458,251073,25,Gold
C399,29,1474208,1267327,617,1179847,18,Gold
C400,24,1459114,495540,510,804842,88,Gold
C401,36,1248009,232011,579,626163,75,Gold
C402,21,501681,936785,446,470418,45,Silver
C403,23,1195502,408279,670,128506,41,Gold
C404,46,1524527,1308976,611,1130437,16,Gold
C405,46,1624821,615526,433,497722,8,Gold
C406,29,1063350,913370,580,506387,79,Gold
C407,39,955505,712940,482,425818,6,Gold
C408,48,598443,183540,619,423101,89,Silver
C409,39,828745,243022,394,1038125,8,Gold
C410,42,741078,490851,472,62450,97,Gold
C411,59,1752111,1380414,597,225895,80,Gold
C412,55,1056446,1231921,550,220141,1,Gold
C413,59,602278,48639,678,195200,18,Silver
C414,49,748579,868068,733,107710,32,Gold
C415,41,399237,131710,883,1156195,87,Silver
C416,59,1618457,1213400,867,600844,45,Platinum
C417,42,273432,769897,669,808276,100,Silver
C418,41,834733,180767,641,670897,37,Gold
C419,53,323383,1354958,364,662928,43,Silver
C420,54,1323307,811973,631,1134135,94,Gold
C421,28,894186,577127,801,575197,13,Gold
C422,47,978721,1386304,729,612192,62,Gold
C423,43,1341038,1265116,889,991775,78,Platinum
C424,42,1731648,393594,459,1046865,50,Gold
C425,56,544340,830166,790,1161770,67,Silver
C426,49,1521763,723646,695,1045620,97,Gold
C427,42,1695158,750949,540,212852,54,Gold
C428,46,259036,398452,567,452118,50,Silver
C429,25,1475400,16530,561,279559,67,Gold
C430,43,722960,444114,694,852102,39,Gold
C431,39,1507287,428766,641,1155854,95,Gold
C432,43,1744428,607447,389,179859,58,Gold
C433,38,1749162,1360259,864,714098,27,Platinum
C434,54,734516,1239294,509,76667,82,Gold
C435,54,997745,456644,831,165458,28,Gold
C436,22,936657,169263,447,27446,20,Gold
C437,25,350235,1003644,854,713809,21,Silver
C438,40,329794,1452556,853,861547,38,Silver
C439,37,1193341,605047,433,691243,69,Gold
C440,32,1365541,1109426,433,950708,1,Gold
C441,57,1092942,357077,393,48498,49,Gold
C442,56,339904,906909,853,7677,2,Silver
C443,58,1660827,1411334,775,929937,40,Platinum
C444,56,1790471,1404953,858,650401,19,Platinum
C445,30,931659,908617,750,891410,29,Gold
C446,36,895262,1453355,804,690319,12,Gold
C447,50,1552162,439343,402,690103,35,Gold
C448,25,456974,1488489,393,1177389,54,Silver
C449,53,952708,388933,704,313148,43,Gold
C450,53,815077,1382802,883,1154519,68,Gold
C451,38,656945,365182,541,351553,1,Silver
C452,21,1075124,857062,460,554134,9,Gold
C453,45,1419161,1188789,629,371296,16,Gold
C454,53,754485,496372,877,1114434,64,Gold
C455,35,1146418,1304377,445,8917,47,Gold
C456,57,1412977,650852,740,242019,73,Gold
C457,25,1334341,293400,859,1003174,4,Platinum
C458,59,1373069,221079,875,348782,8,Platinum
C459,36,728423,482104,725,342525,96,Gold
C460,53,1347130,506738,737,536100,61,Gold
C461,21,1566244,534693,421,62331,3,Gold
C462,46,839138,1399584,714,368608,58,Gold
C463,45,1079331,587772,857,221981,17,Gold
C464,35,1714301,326965,738,305003,90,Gold
C465,48,1551957,1148966,853,1033064,4,Platinum
C466,45,854934,309179,375,886296,45,Gold
C467,53,1132992,1451309,682,612819,87,Gold
C468,23,1467574,1097954,519,23927,2,Gold
C469,27,1295196,497010,873,179502,81,Platinum
C470,59,1707232,111863,847,355476,41,Platinum
C471,48,1091046,686584,601,701882,76,Gold
C472,24,843303,125465,892,862064,5,Gold
C473,27,1391652,1295458,707,310742,43,Gold
C474,53,1582242,1234162,395,526929,42,Gold
C475,60,406678,792352,579,897340,68,Silver
C476,51,1121513,633621,654,174742,28,Gold
C477,28,1117857,711249,830,570696,100,Gold
C478,24,485073,602739,752,41296,47,Silver
C479,50,1156644,789049,831,695890,10,Gold
C480,37,782232,357138,855,91833,54,Gold
C481,50,630872,1053891,599,617991,20,Silver
C482,41,522363,380025,415,1346,14,Silver
C483,31,983344,1032978,730,865548,70,Gold
C484,21,1504382,1209896,851,739804,62,Platinum
C485,37,1722455,937021,563,906854,93,Gold
C486,34,572977,1114330,852,704250,82,Silver
C487,58,1767278,237080,628,675555,81,Gold
C488,25,412500,1117903,471,744474,5,Silver
C489,24,839538,941201,661,781170,67,Gold
C490,24,490295,660226,659,1162869,62,Silver
C491,34,1338225,557253,601,44824,8,Gold
C492,50,1725279,279711,568,978199,94,Gold
C493,46,362800,538016,370,532598,28,Silver
C494,39,357873,389062,356,683211,55,Silver
C495,36,549824,1274949,705,836874,97,Silver
C496,35,1161585,780458,642,165379,38,Gold
C497,25,563589,901719,553,30445,82,Silver
C498,30,1577873,624809,508,986775,30,Gold
C499,27,1456896,865107,596,764334,95,Gold
C500,57,1229494,911415,635,595885,60,Gold
